keyword;position;previous_position;position_difference;volume;url;keyword_difficulty;traffic;intent
xiluet smiles miami;1;1;0;70;https://xiluetsmiledesign.com/;32.00;56;2
xiluet smile;1;1;0;30;https://xiluetsmiledesign.com/;32.00;24;2
xiluet smiles;1;1;0;260;https://xiluetsmiledesign.com/;34.00;208;2
xiluet smiles reviews;3;3;0;90;https://xiluetsmiledesign.com/;32.00;1;0
xiluet;6;6;0;140;https://xiluetsmiledesign.com/;28.00;1;2
xiluet plastic surgery miami;8;8;0;110;https://xiluetsmiledesign.com/;29.00;0;2
xiluet plastic surgery miami fl;9;9;0;110;https://xiluetsmiledesign.com/;31.00;0;2
gum bleaching miami;10;10;0;40;https://xiluetsmiledesign.com/gum-lightening/;1.00;0;3
xiluet smiles reviews;11;11;0;90;https://xiluetsmiledesign.com/financing/;32.00;0;0
marrero cosmetic dentistry;13;13;0;70;https://xiluetsmiledesign.com/dr-marta-puentes-marrero/;2.00;0;0
xiluet aesthetic surgery reviews;15;15;0;90;https://xiluetsmiledesign.com/;28.00;0;0
xiluet aesthetic surgery;15;15;0;320;https://xiluetsmiledesign.com/;30.00;0;2
xiluet medical;16;16;0;40;https://xiluetsmiledesign.com/;7.00;0;1,3
xiluet plastic surgery reviews;17;17;0;390;https://xiluetsmiledesign.com/;21.00;0;0
xiluet plastic surgery review;18;18;0;70;https://xiluetsmiledesign.com/;28.00;0;0
xiluet plastic surgery review;20;20;0;70;https://xiluetsmiledesign.com/;28.00;0;0
elite veneers miami;22;22;0;50;https://xiluetsmiledesign.com/;33.00;0;2
xiluet plastic surgery;23;23;0;1300;https://xiluetsmiledesign.com/;38.00;0;2,3
xiluet plastic surgery inc;25;25;0;70;https://xiluetsmiledesign.com/;28.00;0;2
xiluet smiles reviews;26;26;0;90;https://xiluetsmiledesign.com/porcelain-veneers/;32.00;0;0
silhouette plastic surgery miami;27;27;0;30;https://xiluetsmiledesign.com/;39.00;0;2
xiluet plastic surgery photos;28;28;0;50;https://xiluetsmiledesign.com/;0.00;0;1
gum lightening collierville;28;28;0;170;https://xiluetsmiledesign.com/gum-lightening/;1.00;0;1
deluxe smile design;32;32;0;260;https://xiluetsmiledesign.com/;36.00;0;2
ramos dental;32;32;0;50;https://xiluetsmiledesign.com/dr-roger-ramos-navarro/;8.00;0;2
dentist 33144;33;33;0;30;https://xiluetsmiledesign.com/;0.00;0;0
prosthodontist miami;34;34;0;210;https://xiluetsmiledesign.com/prosthodontics-teeth-replacement/;1.00;0;0
xiluet;35;35;0;140;https://xiluetsmiledesign.com/services/;28.00;0;2
lingual braces miami;36;36;0;50;https://xiluetsmiledesign.com/braces-metal-ceramic-lingual/;2.00;0;0
sinus lift surgery miami;37;37;0;40;https://xiluetsmiledesign.com/sinus-lift/;0.00;0;1
luxury smile;39;39;0;90;https://xiluetsmiledesign.com/;15.00;0;1
custom nightguards miami;41;41;0;50;https://xiluetsmiledesign.com/nightguard/;0.00;0;1
xiluet;41;41;0;140;https://xiluetsmiledesign.com/financing/;28.00;0;2
gum bleaching near me;41;41;0;140;https://xiluetsmiledesign.com/gum-lightening/;1.00;0;3
vivant smile design;42;42;0;50;https://xiluetsmiledesign.com/;24.00;0;1
xiluet plastic surgery;42;42;0;1300;https://xiluetsmiledesign.com/services/;38.00;0;2,3
root canal cost miami;43;43;0;90;https://xiluetsmiledesign.com/root-canal-treatment/;0.00;0;1
inlays and onlays miami beach;43;43;0;40;https://xiluetsmiledesign.com/dental-onlay-inlay/;0.00;0;3
dentist 33144;43;43;0;30;https://xiluetsmiledesign.com/;0.00;0;0
xiluet plastic surgery inc;44;44;0;70;https://xiluetsmiledesign.com/services/;28.00;0;2
xiluet plastic surgery miami fl;45;45;0;110;https://xiluetsmiledesign.com/cosmetic-dentistry/;31.00;0;2
miami veneers payment plan;45;45;0;50;https://xiluetsmiledesign.com/cherry-payment-plans/;0.00;0;1
xiluet plastic surgery miami;46;46;0;110;https://xiluetsmiledesign.com/cosmetic-dentistry/;29.00;0;2
xiluet aesthetic surgery;47;47;0;320;https://xiluetsmiledesign.com/services/;30.00;0;2
xiluet plastic surgery miami;47;47;0;110;https://xiluetsmiledesign.com/cosmetic-dentistry/;29.00;0;2
sinus lift hialeah;48;48;0;50;https://xiluetsmiledesign.com/sinus-lift/;0.00;0;0
xiluet plastic surgery miami fl;49;49;0;110;https://xiluetsmiledesign.com/financing/;31.00;0;2
gum bleaching cost;49;49;0;110;https://xiluetsmiledesign.com/gum-lightening/;0.00;0;1
sinus lift miami lakes;50;50;0;40;https://xiluetsmiledesign.com/sinus-lift/;0.0;0;0
deluxe smile design;51;51;0;260;https://xiluetsmiledesign.com/services/;36.00;0;2
gum depigmentation near me;51;51;0;170;https://xiluetsmiledesign.com/gum-lightening/;3.00;0;3
sinus lift miami lakes;51;51;0;40;https://xiluetsmiledesign.com/sinus-lift/;0.0;0;0
xiluet plastic surgery miami;51;51;0;110;https://xiluetsmiledesign.com/financing/;29.00;0;2
composite core build up;51;51;0;40;https://xiluetsmiledesign.com/post-and-core-build-up/;5.00;0;1
gum lightening;53;53;0;260;https://xiluetsmiledesign.com/gum-lightening/;0.00;0;1
xiluet medical;53;53;0;40;https://xiluetsmiledesign.com/services/;7.00;0;1,3
xiluet smiles reviews;55;55;0;90;https://xiluetsmiledesign.com/cosmetic-dentistry/;32.00;0;0
elite veneers miami;55;55;0;50;https://xiluetsmiledesign.com/porcelain-veneers/;33.00;0;2
lightening gums;55;55;0;90;https://xiluetsmiledesign.com/gum-lightening/;0.00;0;1
how much is gum bleaching;55;55;0;50;https://xiluetsmiledesign.com/gum-lightening/;0.00;0;1
sinus lift for dental implant;56;56;0;110;https://xiluetsmiledesign.com/sinus-lift/;23.00;0;1
xiluet plastic surgery miami fl;57;57;0;110;https://xiluetsmiledesign.com/contact-us/;31.00;0;2
gum bleaching price;57;57;0;30;https://xiluetsmiledesign.com/gum-lightening/;0.00;0;3
metal braces miami beach fl;59;59;0;90;https://xiluetsmiledesign.com/braces-metal-ceramic-lingual/;9.00;0;0
deep cleaning teeth miami;59;59;0;50;https://xiluetsmiledesign.com/scaling-and-root-planing-deep-cleaning/;0.00;0;0
sinus lift in miami lakes fl;60;60;0;40;https://xiluetsmiledesign.com/sinus-lift/;0.00;0;0
xiluet plastic surgery miami fl;60;60;0;110;https://xiluetsmiledesign.com/services/;31.00;0;2
gum contouring miami;60;60;0;70;https://xiluetsmiledesign.com/gingivoplasty/;0.00;0;0
nightguards in miami lakes fl;61;61;0;40;https://xiluetsmiledesign.com/nightguard/;0.00;0;1
xiluet plastic surgery miami;61;61;0;110;https://xiluetsmiledesign.com/contact-us/;29.00;0;2
lip and tongue tie miami fl;63;63;0;40;https://xiluetsmiledesign.com/frenectomy/;1.00;0;0
how to bleach gums;63;63;0;40;https://xiluetsmiledesign.com/gum-lightening/;0.00;0;1
xiluet smiles reviews;64;64;0;90;https://xiluetsmiledesign.com/our-doctors/;32.00;0;0
xiluet plastic surgery miami;64;64;0;110;https://xiluetsmiledesign.com/services/;29.00;0;2
white fillings miami;65;65;0;170;https://xiluetsmiledesign.com/dental-fillings/;0.00;0;0
silhouette plastic surgery miami;65;65;0;30;https://xiluetsmiledesign.com/services/;39.00;0;2
sinus lift north miami beach fl;66;66;0;70;https://xiluetsmiledesign.com/sinus-lift/;0.00;0;1
sinus lift dental;67;67;0;170;https://xiluetsmiledesign.com/sinus-lift/;33.00;0;1
xiluet smiles reviews;68;68;0;90;https://xiluetsmiledesign.com/smile-makeover/;32.00;0;0
gum whitening treatment;68;68;0;70;https://xiluetsmiledesign.com/gum-lightening/;0.00;0;1
dental fillings miami;69;69;0;50;https://xiluetsmiledesign.com/dental-fillings/;0.00;0;1
gummy smile surgery miami;70;70;0;40;https://xiluetsmiledesign.com/gingivoplasty/;1.00;0;1
dental fillings miami;71;71;0;50;https://xiluetsmiledesign.com/dental-fillings/;0.00;0;1
xiluet smiles reviews;72;72;0;90;https://xiluetsmiledesign.com/prosthodontics-teeth-replacement/;32.00;0;0
tooth colored fillings miami;74;74;0;110;https://xiluetsmiledesign.com/dental-fillings/;0.00;0;1
xiluet smiles reviews;76;76;0;90;https://xiluetsmiledesign.com/full-dentures/;32.00;0;0
miami dental bridges;77;77;0;50;https://xiluetsmiledesign.com/dental-bridges/;5.00;0;1
xiluet smiles reviews;78;78;0;90;https://xiluetsmiledesign.com/overdentures/;32.00;0;0
bone grafting in miami lakes fl;78;78;0;40;https://xiluetsmiledesign.com/bone-regeneration/;0.00;0;0
xiluet smiles reviews;81;81;0;90;https://xiluetsmiledesign.com/periodontics-gums/;32.00;0;0
gum lift miami;84;84;0;70;https://xiluetsmiledesign.com/gingivoplasty/;0.00;0;1
xiluet smiles reviews;84;84;0;90;https://xiluetsmiledesign.com/services/;32.00;0;0
bone grafting miami lakes;86;86;0;40;https://xiluetsmiledesign.com/bone-regeneration/;0.00;0;0
xiluet smiles reviews;86;86;0;90;https://xiluetsmiledesign.com/overdentures/;32.00;0;0
xiluet smiles reviews;88;88;0;90;https://xiluetsmiledesign.com/partial-denture/;32.00;0;0
lip repositioning miami;88;88;0;40;https://xiluetsmiledesign.com/gingivoplasty/;8.00;0;1
lip repositioning miami;89;89;0;40;https://xiluetsmiledesign.com/gingivoplasty/;8.00;0;1
xiluet smiles reviews;90;90;0;90;https://xiluetsmiledesign.com/contact-us/;32.00;0;0
bone grafting flagami fl;99;99;0;40;https://xiluetsmiledesign.com/bone-regeneration/;0.00;0;0
